caller_id,called_id,link_type
520,626,Call
521,640,Call
522,601,Call
522,602,Call
522,603,Call
525,595,Call
525,596,Call
525,597,Call
525,598,Call
527,646,Call
527,647,Call
530,531,Call
530,641,Call
530,8001,Call
532,533,Call
535,536,Call
538,579,Call
540,521,Call
541,543,Call
541,544,Call
543,542,Call
545,534,Call
547,540,Call
548,549,Call
549,550,Call
549,8003,Call
551,552,Call
555,530,Call
555,558,Call
556,529,Call
559,532,Call
560,561,Call
561,529,Call
561,642,Call
562,563,Call
568,520,Call
568,522,Call
568,524,Call
568,525,Call
568,526,Call
568,527,Call
569,570,Call
571,569,Call
572,538,Call
572,573,Call
572,575,Call
572,577,Call
572,580,Call
572,582,Call
572,584,Call
572,586,Call
573,574,Call
575,576,Call
577,578,Call
580,581,Call
582,583,Call
584,585,Call
586,524,Call
586,527,Call
589,587,Call
589,588,Call
594,528,Call
594,535,Call
594,540,Call
594,546,Call
594,548,Call
594,553,Call
594,555,Call
594,562,Call
595,562,Call
596,564,Call
597,565,Call
598,566,Call
601,555,Call
602,556,Call
603,557,Call
604,559,Call
605,560,Call
606,561,Call
620,553,Call
621,554,Call
626,548,Call
627,551,Call
628,552,Call
634,540,Call
639,542,Call
640,545,Call
641,535,Call
641,536,Call
642,528,Call
642,529,Call
642,530,Call
642,532,Call
642,534,Call
1318,1334,Call
1319,1334,Call
1319,1351,Call
1319,1363,Call
1320,1334,Call
1327,1395,Call
1334,1320,Call
1351,1334,Call
1356,1421,Call
1363,1334,Call
1373,1334,Call
1374,1334,Call
1375,1334,Call
1376,1334,Call
1376,1468,Call
1377,1334,Call
1378,1334,Call
1378,1468,Call
1379,1334,Call
1380,1334,Call
1381,1304,Call
1381,1320,Call
1381,1334,Call
1381,1351,Call
1381,1356,Call
1381,1363,Call
1381,1415,Call
1381,1421,Call
1381,1441,Call
1382,1304,Call
1382,1421,Call
1382,1441,Call
1383,1310,Call
1383,1311,Call
1383,1312,Call
1383,1313,Call
1383,1314,Call
1383,1373,Call
1383,1374,Call
1383,1384,Call
1383,1386,Call
1383,1387,Call
1384,1334,Call
1385,1334,Call
1385,1351,Call
1385,1363,Call
1386,1334,Call
1387,1334,Call
1388,1334,Call
1389,1310,Call
1389,1334,Call
1390,1310,Call
1390,1334,Call
1391,1310,Call
1391,1334,Call
1392,1310,Call
1392,1334,Call
1393,1310,Call
1393,1334,Call
1394,1334,Call
1421,1304,Call
1421,1441,Call
1441,1320,Call
1441,1334,Call
1468,1334,Call
8002,546,Call
8051,8220,Call
8052,8221,Call
8053,8222,Call
8068,8279,Call
8072,8242,Call
8081,8243,Call
8086,8244,Call
8088,8245,Call
8090,8246,Call
8092,8247,Call
8094,8248,Call
8096,8249,Call
8098,8250,Call
8100,8251,Call
8102,8252,Call
8104,8253,Call
8106,8254,Call
8108,8255,Call
8110,8256,Call
8112,8257,Call
8114,8258,Call
8116,8259,Call
8118,8260,Call
8120,8261,Call
8120,8262,Call
8122,8263,Call
8124,8264,Call
8126,8265,Call
8128,8266,Call
8130,8267,Call
8132,8268,Call
8134,8269,Call
8136,8270,Call
8138,8271,Call
8139,8288,Call
8141,8272,Call
8143,8273,Call
8145,8274,Call
8147,8277,Call
8155,8280,Call
8155,8281,Call
8168,8284,Call
8168,8285,Call
8168,8286,Call
8180,8287,Call
8183,8290,Call
8188,8291,Call
8202,8206,Call
8220,9918,Call
8221,9896,Call
8221,9916,Call
8221,9917,Call
8222,9896,Call
8222,9915,Call
8223,9912,Call
8224,8375,Call
8224,9905,Call
8225,8375,Call
8225,9902,Call
8226,8375,Call
8226,9899,Call
8227,9896,Call
8227,9897,Call
8228,9895,Call
8228,9896,Call
8230,9893,Call
8231,9689,Call
8232,9682,Call
8233,9477,Call
8234,9473,Call
8235,9468,Call
8236,1320,Call
8236,1334,Call
8236,8374,Call
8236,8375,Call
8236,8406,Call
8236,9465,Call
8237,1334,Call
8237,8375,Call
8237,8406,Call
8237,9458,Call
8238,1334,Call
8238,8375,Call
8238,8406,Call
8238,9451,Call
8239,1334,Call
8239,8375,Call
8239,8406,Call
8239,9444,Call
8240,1334,Call
8240,8375,Call
8240,8406,Call
8240,9436,Call
8241,1334,Call
8241,8375,Call
8241,8406,Call
8241,9427,Call
8242,1334,Call
8242,8375,Call
8242,8406,Call
8242,9418,Call
8243,1334,Call
8243,8375,Call
8243,8406,Call
8243,9403,Call
8244,1334,Call
8244,8375,Call
8244,8406,Call
8244,9390,Call
8245,1334,Call
8245,8375,Call
8245,8406,Call
8245,9377,Call
8246,1334,Call
8246,8375,Call
8246,8406,Call
8246,9364,Call
8247,1334,Call
8247,8375,Call
8247,8406,Call
8247,9351,Call
8248,1334,Call
8248,8375,Call
8248,8406,Call
8248,9338,Call
8249,1334,Call
8249,8375,Call
8249,8406,Call
8249,9325,Call
8250,1334,Call
8250,8375,Call
8250,8406,Call
8250,9312,Call
8251,1334,Call
8251,8375,Call
8251,8406,Call
8251,9299,Call
8252,1334,Call
8252,8375,Call
8252,8406,Call
8252,9286,Call
8253,1334,Call
8253,8375,Call
8253,8406,Call
8253,9273,Call
8254,1334,Call
8254,8375,Call
8254,8406,Call
8254,9260,Call
8255,1334,Call
8255,8375,Call
8255,8406,Call
8255,9247,Call
8256,1334,Call
8256,8375,Call
8256,8406,Call
8256,9234,Call
8257,1334,Call
8257,8375,Call
8257,8406,Call
8257,9221,Call
8258,1334,Call
8258,8375,Call
8258,8406,Call
8258,9208,Call
8259,1334,Call
8259,8375,Call
8259,8406,Call
8259,9195,Call
8260,1334,Call
8260,8375,Call
8260,8406,Call
8260,9182,Call
8261,1334,Call
8261,8375,Call
8261,8406,Call
8261,9169,Call
8262,1334,Call
8262,8375,Call
8262,8406,Call
8262,9156,Call
8263,1334,Call
8263,8375,Call
8263,8406,Call
8263,9143,Call
8264,1334,Call
8264,8375,Call
8264,8406,Call
8264,9130,Call
8265,1334,Call
8265,8375,Call
8265,8406,Call
8265,9117,Call
8266,1304,Call
8266,8375,Call
8266,8391,Call
8266,9104,Call
8267,1320,Call
8267,8374,Call
8267,8375,Call
8267,9091,Call
8268,1441,Call
8268,8375,Call
8268,8979,Call
8268,9078,Call
8269,1441,Call
8269,8375,Call
8269,8979,Call
8269,9065,Call
8270,1441,Call
8270,8375,Call
8270,8979,Call
8270,9052,Call
8271,1334,Call
8271,8375,Call
8271,8406,Call
8271,9039,Call
8272,1334,Call
8272,8375,Call
8272,8406,Call
8272,9026,Call
8273,1334,Call
8273,8375,Call
8273,8406,Call
8273,9013,Call
8274,1363,Call
8274,8375,Call
8274,8999,Call
8274,9000,Call
8275,1441,Call
8275,8375,Call
8275,8979,Call
8275,8986,Call
8276,1441,Call
8276,8375,Call
8276,8978,Call
8276,8979,Call
8277,1351,Call
8277,8375,Call
8277,8964,Call
8277,8965,Call
8278,1334,Call
8278,1415,Call
8278,8375,Call
8278,8406,Call
8278,8887,Call
8278,8951,Call
8279,8945,Call
8280,8940,Call
8281,8934,Call
8282,1334,Call
8282,8375,Call
8282,8406,Call
8282,8930,Call
8283,1334,Call
8283,8375,Call
8283,8406,Call
8283,8922,Call
8284,8913,Call
8285,8908,Call
8286,8902,Call
8287,1356,Call
8287,8375,Call
8287,8900,Call
8287,8901,Call
8288,1415,Call
8288,8375,Call
8288,8886,Call
8288,8887,Call
8289,1334,Call
8289,8375,Call
8289,8406,Call
8289,8873,Call
8290,1334,Call
8290,8375,Call
8290,8406,Call
8290,8864,Call
8291,1334,Call
8291,8375,Call
8291,8406,Call
8291,8856,Call
8292,8844,Call
8292,8845,Call
8293,1320,Call
8293,8374,Call
8293,8375,Call
8293,8838,Call
8294,1304,Call
8294,1334,Call
8294,1421,Call
8294,1441,Call
8294,8375,Call
8294,8406,Call
8294,8831,Call
8295,1304,Call
8295,1320,Call
8295,1334,Call
8295,1351,Call
8295,1356,Call
8295,1363,Call
8295,1415,Call
8295,1421,Call
8295,1441,Call
8295,8375,Call
8295,8406,Call
8295,8818,Call
8296,1334,Call
8296,8375,Call
8296,8406,Call
8296,8805,Call
8297,1334,Call
8297,8375,Call
8297,8406,Call
8297,8792,Call
8298,1334,Call
8298,8375,Call
8298,8406,Call
8298,8779,Call
8299,1334,Call
8299,8375,Call
8299,8406,Call
8299,8766,Call
8300,1334,Call
8300,8375,Call
8300,8406,Call
8300,8753,Call
8301,1334,Call
8301,8375,Call
8301,8406,Call
8301,8740,Call
8302,1334,Call
8302,8375,Call
8302,8406,Call
8302,8733,Call
8303,1334,Call
8303,8375,Call
8303,8406,Call
8303,8726,Call
8304,1334,Call
8304,8375,Call
8304,8406,Call
8304,8719,Call
8305,1334,Call
8305,8375,Call
8305,8406,Call
8305,8711,Call
8306,1334,Call
8306,8375,Call
8306,8406,Call
8306,8699,Call
8307,1334,Call
8307,8375,Call
8307,8406,Call
8307,8687,Call
8308,1334,Call
8308,8375,Call
8308,8406,Call
8308,8675,Call
8309,1334,Call
8309,8375,Call
8309,8406,Call
8309,8663,Call
8310,1334,Call
8310,8375,Call
8310,8406,Call
8310,8651,Call
8311,1334,Call
8311,8375,Call
8311,8406,Call
8311,8640,Call
8312,8633,Call
8313,8628,Call
8314,8623,Call
8315,8618,Call
8316,8613,Call
8317,8608,Call
8318,8603,Call
8319,8598,Call
8320,8593,Call
8321,8588,Call
8322,1334,Call
8322,8375,Call
8322,8406,Call
8322,8583,Call
8323,1334,Call
8323,8375,Call
8323,8406,Call
8323,8570,Call
8324,1334,Call
8324,8375,Call
8324,8406,Call
8324,8557,Call
8325,1334,Call
8325,8375,Call
8325,8406,Call
8325,8544,Call
8326,1334,Call
8326,8375,Call
8326,8406,Call
8326,8531,Call
8327,1334,Call
8327,8375,Call
8327,8406,Call
8327,8518,Call
8328,1334,Call
8328,8375,Call
8328,8406,Call
8328,8505,Call
8329,1334,Call
8329,8375,Call
8329,8406,Call
8329,8490,Call
8330,1334,Call
8330,8375,Call
8330,8406,Call
8330,8475,Call
8331,1334,Call
8331,8375,Call
8331,8406,Call
8331,8460,Call
8332,1334,Call
8332,8375,Call
8332,8406,Call
8332,8445,Call
8333,1334,Call
8333,8375,Call
8333,8406,Call
8333,8432,Call
8334,1334,Call
8334,8375,Call
8334,8406,Call
8334,8419,Call
8335,1334,Call
8335,8375,Call
8335,8405,Call
8335,8406,Call
8336,1304,Call
8336,1421,Call
8336,8375,Call
8336,8390,Call
8336,8391,Call
8338,1320,Call
8338,8370,Call
8338,8374,Call
8338,8375,Call
8364,8363,Call
8366,8364,Call
8366,8365,Call
8368,1320,Call
8368,8366,Call
8369,1320,Call
8369,8366,Call
8369,8368,Call
8370,8368,Call
8370,8369,Call
8377,8376,Call
8379,8377,Call
8381,1304,Call
8381,8379,Call
8381,8380,Call
8383,8379,Call
8383,8382,Call
8385,8379,Call
8385,8381,Call
8385,8384,Call
8387,8379,Call
8387,8386,Call
8389,8383,Call
8389,8385,Call
8389,8387,Call
8389,8388,Call
8390,8389,Call
8395,8394,Call
8396,8395,Call
8398,8396,Call
8398,8397,Call
8400,8396,Call
8400,8399,Call
8402,8396,Call
8402,8401,Call
8404,8398,Call
8404,8400,Call
8404,8402,Call
8404,8403,Call
8405,8404,Call
8408,8407,Call
8410,8408,Call
8412,8410,Call
8412,8411,Call
8414,8410,Call
8414,8413,Call
8416,8410,Call
8416,8415,Call
8418,8412,Call
8418,8414,Call
8418,8416,Call
8418,8417,Call
8419,8418,Call
8421,8420,Call
8423,8421,Call
8425,8423,Call
8425,8424,Call
8427,8423,Call
8427,8426,Call
8429,8423,Call
8429,8428,Call
8431,8425,Call
8431,8427,Call
8431,8429,Call
8431,8430,Call
8432,8431,Call
8434,8433,Call
8436,8434,Call
8438,8436,Call
8438,8437,Call
8440,8436,Call
8440,8439,Call
8442,8436,Call
8442,8441,Call
8444,8438,Call
8444,8440,Call
8444,8442,Call
8444,8443,Call
8445,8444,Call
8447,8446,Call
8449,8447,Call
8451,8449,Call
8451,8450,Call
8455,8449,Call
8455,8453,Call
8455,8454,Call
8457,8449,Call
8457,8456,Call
8459,8451,Call
8459,8455,Call
8459,8457,Call
8459,8458,Call
8460,8459,Call
8462,8461,Call
8464,8462,Call
8466,8464,Call
8466,8465,Call
8470,8464,Call
8470,8468,Call
8470,8469,Call
8472,8464,Call
8472,8471,Call
8474,8466,Call
8474,8470,Call
8474,8472,Call
8474,8473,Call
8475,8474,Call
8477,8476,Call
8479,8477,Call
8481,8479,Call
8481,8480,Call
8485,8479,Call
8485,8483,Call
8485,8484,Call
8487,8479,Call
8487,8486,Call
8489,8481,Call
8489,8485,Call
8489,8487,Call
8489,8488,Call
8490,8489,Call
8492,8491,Call
8494,8492,Call
8496,8494,Call
8496,8495,Call
8500,8494,Call
8500,8498,Call
8500,8499,Call
8502,8494,Call
8502,8501,Call
8504,8496,Call
8504,8500,Call
8504,8502,Call
8504,8503,Call
8505,8504,Call
8507,8506,Call
8509,8507,Call
8511,8509,Call
8511,8510,Call
8513,8509,Call
8513,8512,Call
8515,8509,Call
8515,8514,Call
8517,8511,Call
8517,8513,Call
8517,8515,Call
8517,8516,Call
8518,8517,Call
8520,8519,Call
8522,8520,Call
8524,8522,Call
8524,8523,Call
8526,8522,Call
8526,8525,Call
8528,8522,Call
8528,8527,Call
8530,8524,Call
8530,8526,Call
8530,8528,Call
8530,8529,Call
8531,8530,Call
8533,8532,Call
8535,8533,Call
8537,8535,Call
8537,8536,Call
8539,8535,Call
8539,8538,Call
8541,8535,Call
8541,8540,Call
8543,8537,Call
8543,8539,Call
8543,8541,Call
8543,8542,Call
8544,8543,Call
8546,8545,Call
8548,8546,Call
8550,8548,Call
8550,8549,Call
8552,8548,Call
8552,8551,Call
8554,8548,Call
8554,8553,Call
8556,8550,Call
8556,8552,Call
8556,8554,Call
8556,8555,Call
8557,8556,Call
8559,8558,Call
8561,8559,Call
8563,8561,Call
8563,8562,Call
8565,8561,Call
8565,8564,Call
8567,8561,Call
8567,8566,Call
8569,8563,Call
8569,8565,Call
8569,8567,Call
8569,8568,Call
8570,8569,Call
8572,8571,Call
8574,8572,Call
8576,8574,Call
8576,8575,Call
8578,8574,Call
8578,8577,Call
8580,8574,Call
8580,8579,Call
8582,8576,Call
8582,8578,Call
8582,8580,Call
8582,8581,Call
8583,8582,Call
8587,8322,Call
8587,8586,Call
8588,8587,Call
8592,8322,Call
8592,8591,Call
8593,8592,Call
8597,8322,Call
8597,8596,Call
8598,8597,Call
8602,8322,Call
8602,8601,Call
8603,8602,Call
8607,8322,Call
8607,8606,Call
8608,8607,Call
8612,8322,Call
8612,8611,Call
8613,8612,Call
8617,8322,Call
8617,8616,Call
8618,8617,Call
8622,8322,Call
8622,8621,Call
8623,8622,Call
8627,8322,Call
8627,8626,Call
8628,8627,Call
8632,8322,Call
8632,8631,Call
8633,8632,Call
8635,8634,Call
8637,8635,Call
8639,1334,Call
8639,8637,Call
8639,8638,Call
8640,8639,Call
8642,8641,Call
8644,8642,Call
8644,8646,Call
8646,8645,Call
8646,8652,Call
8648,1310,Call
8648,8644,Call
8648,8647,Call
8650,8649,Call
8650,8652,Call
8651,8646,Call
8651,8648,Call
8651,8650,Call
8654,8653,Call
8656,8654,Call
8656,8658,Call
8658,8657,Call
8658,8664,Call
8660,1310,Call
8660,8656,Call
8660,8659,Call
8662,8661,Call
8662,8664,Call
8663,8658,Call
8663,8660,Call
8663,8662,Call
8666,8665,Call
8668,8666,Call
8668,8670,Call
8670,8669,Call
8670,8676,Call
8672,1310,Call
8672,8668,Call
8672,8671,Call
8674,8673,Call
8674,8676,Call
8675,8670,Call
8675,8672,Call
8675,8674,Call
8678,8677,Call
8680,8678,Call
8680,8682,Call
8682,8681,Call
8682,8688,Call
8684,1310,Call
8684,8680,Call
8684,8683,Call
8686,8685,Call
8686,8688,Call
8687,8682,Call
8687,8684,Call
8687,8686,Call
8690,8689,Call
8692,8690,Call
8692,8694,Call
8694,8693,Call
8694,8700,Call
8696,1310,Call
8696,8692,Call
8696,8695,Call
8698,8697,Call
8698,8700,Call
8699,8694,Call
8699,8696,Call
8699,8698,Call
8702,8701,Call
8704,8702,Call
8704,8706,Call
8706,8705,Call
8706,8712,Call
8708,1310,Call
8708,1311,Call
8708,1312,Call
8708,1313,Call
8708,1314,Call
8708,8296,Call
8708,8297,Call
8708,8298,Call
8708,8299,Call
8708,8300,Call
8708,8704,Call
8708,8707,Call
8710,8709,Call
8710,8712,Call
8711,8706,Call
8711,8708,Call
8711,8710,Call
8714,8713,Call
8716,8714,Call
8718,1334,Call
8718,8716,Call
8718,8717,Call
8719,8718,Call
8721,8720,Call
8723,8721,Call
8725,1334,Call
8725,8723,Call
8725,8724,Call
8726,8725,Call
8728,8727,Call
8730,8728,Call
8732,1334,Call
8732,8730,Call
8732,8731,Call
8733,8732,Call
8735,8734,Call
8737,8735,Call
8739,1334,Call
8739,8737,Call
8739,8738,Call
8740,8739,Call
8742,8741,Call
8744,8742,Call
8746,8744,Call
8746,8745,Call
8748,8744,Call
8748,8747,Call
8750,8744,Call
8750,8749,Call
8752,8746,Call
8752,8748,Call
8752,8750,Call
8752,8751,Call
8753,8752,Call
8755,8754,Call
8757,8755,Call
8759,8757,Call
8759,8758,Call
8761,8757,Call
8761,8760,Call
8763,8757,Call
8763,8762,Call
8765,8759,Call
8765,8761,Call
8765,8763,Call
8765,8764,Call
8766,8765,Call
8768,8767,Call
8770,8768,Call
8772,8770,Call
8772,8771,Call
8774,8770,Call
8774,8773,Call
8776,8770,Call
8776,8775,Call
8778,8772,Call
8778,8774,Call
8778,8776,Call
8778,8777,Call
8779,8778,Call
8781,8780,Call
8783,8781,Call
8785,8783,Call
8785,8784,Call
8787,8783,Call
8787,8786,Call
8789,8783,Call
8789,8788,Call
8791,8785,Call
8791,8787,Call
8791,8789,Call
8791,8790,Call
8792,8791,Call
8794,8793,Call
8796,8794,Call
8798,8796,Call
8798,8797,Call
8800,8796,Call
8800,8799,Call
8802,8796,Call
8802,8801,Call
8804,8798,Call
8804,8800,Call
8804,8802,Call
8804,8803,Call
8805,8804,Call
8807,8806,Call
8809,8807,Call
8811,8809,Call
8811,8810,Call
8813,8809,Call
8813,8812,Call
8815,8809,Call
8815,8814,Call
8817,8811,Call
8817,8813,Call
8817,8815,Call
8817,8816,Call
8818,8817,Call
8820,8819,Call
8822,8820,Call
8824,8822,Call
8824,8823,Call
8826,8822,Call
8826,8825,Call
8828,8822,Call
8828,8827,Call
8830,8824,Call
8830,8826,Call
8830,8828,Call
8830,8829,Call
8831,8830,Call
8833,8832,Call
8835,8833,Call
8835,8834,Call
8836,1320,Call
8836,8835,Call
8837,1320,Call
8837,8835,Call
8837,8836,Call
8838,8836,Call
8838,8837,Call
8840,8839,Call
8842,8841,Call
8844,8840,Call
8844,8842,Call
8844,8843,Call
8847,8846,Call
8849,8847,Call
8849,8851,Call
8851,8850,Call
8851,8857,Call
8853,1316,Call
8853,8849,Call
8853,8852,Call
8855,8854,Call
8855,8857,Call
8856,8851,Call
8856,8853,Call
8856,8855,Call
8859,8858,Call
8861,8859,Call
8863,8861,Call
8863,8862,Call
8863,8866,Call
8864,8861,Call
8864,8863,Call
8864,8866,Call
8868,8867,Call
8870,8868,Call
8870,8869,Call
8871,1334,Call
8871,8870,Call
8872,1334,Call
8872,8870,Call
8872,8871,Call
8873,8871,Call
8873,8872,Call
8875,8874,Call
8877,8875,Call
8879,8877,Call
8879,8878,Call
8881,8877,Call
8881,8880,Call
8883,8877,Call
8883,8882,Call
8885,8879,Call
8885,8881,Call
8885,8883,Call
8885,8884,Call
8886,8885,Call
8889,8888,Call
8891,8889,Call
8893,8891,Call
8893,8892,Call
8895,8891,Call
8895,8894,Call
8897,8891,Call
8897,8896,Call
8899,8893,Call
8899,8895,Call
8899,8897,Call
8899,8898,Call
8900,8899,Call
8902,8903,Call
8902,8904,Call
8902,8905,Call
8906,8910,Call
8907,8906,Call
8907,8910,Call
8908,8907,Call
8908,8909,Call
8913,8914,Call
8916,8915,Call
8918,8916,Call
8918,8917,Call
8919,8918,Call
8920,8918,Call
8920,8919,Call
8921,8918,Call
8921,8920,Call
8922,8919,Call
8922,8920,Call
8922,8921,Call
8924,8923,Call
8926,8924,Call
8926,8925,Call
8927,8926,Call
8928,8926,Call
8928,8927,Call
8929,8926,Call
8929,8928,Call
8930,8927,Call
8930,8928,Call
8930,8929,Call
8932,8931,Call
8934,8932,Call
8938,8937,Call
8940,8938,Call
8943,8942,Call
8945,8943,Call
8947,8946,Call
8949,8947,Call
8949,8948,Call
8950,1415,Call
8950,8949,Call
8951,8950,Call
8953,8952,Call
8955,8953,Call
8957,8955,Call
8957,8956,Call
8959,8955,Call
8959,8958,Call
8961,8955,Call
8961,8960,Call
8963,8957,Call
8963,8959,Call
8963,8961,Call
8963,8962,Call
8964,8963,Call
8967,8966,Call
8969,8967,Call
8971,8969,Call
8971,8970,Call
8973,8969,Call
8973,8972,Call
8975,8969,Call
8975,8974,Call
8977,8971,Call
8977,8973,Call
8977,8975,Call
8977,8976,Call
8978,8977,Call
8981,8980,Call
8983,8981,Call
8983,8982,Call
8984,1441,Call
8984,8983,Call
8985,1441,Call
8985,8983,Call
8985,8984,Call
8986,8984,Call
8986,8985,Call
8988,8987,Call
8990,8988,Call
8992,8990,Call
8992,8991,Call
8994,8990,Call
8994,8993,Call
8996,8990,Call
8996,8995,Call
8998,8992,Call
8998,8994,Call
8998,8996,Call
8998,8997,Call
8999,8998,Call
9002,9001,Call
9004,9002,Call
9006,9004,Call
9006,9005,Call
9008,9004,Call
9008,9007,Call
9010,9004,Call
9010,9009,Call
9012,9006,Call
9012,9008,Call
9012,9010,Call
9012,9011,Call
9013,9012,Call
9015,9014,Call
9017,9015,Call
9019,9017,Call
9019,9018,Call
9021,9017,Call
9021,9020,Call
9023,9017,Call
9023,9022,Call
9025,9019,Call
9025,9021,Call
9025,9023,Call
9025,9024,Call
9026,9025,Call
9028,9027,Call
9030,9028,Call
9032,9030,Call
9032,9031,Call
9034,9030,Call
9034,9033,Call
9036,9030,Call
9036,9035,Call
9038,9032,Call
9038,9034,Call
9038,9036,Call
9038,9037,Call
9039,9038,Call
9041,9040,Call
9043,9041,Call
9045,9043,Call
9045,9044,Call
9047,9043,Call
9047,9046,Call
9049,9043,Call
9049,9048,Call
9051,9045,Call
9051,9047,Call
9051,9049,Call
9051,9050,Call
9052,9051,Call
9054,9053,Call
9056,9054,Call
9058,9056,Call
9058,9057,Call
9060,9056,Call
9060,9059,Call
9062,9056,Call
9062,9061,Call
9064,9058,Call
9064,9060,Call
9064,9062,Call
9064,9063,Call
9065,9064,Call
9067,9066,Call
9069,9067,Call
9071,9069,Call
9071,9070,Call
9073,9069,Call
9073,9072,Call
9075,9069,Call
9075,9074,Call
9077,9071,Call
9077,9073,Call
9077,9075,Call
9077,9076,Call
9078,9077,Call
9080,9079,Call
9082,9080,Call
9084,9082,Call
9084,9083,Call
9086,9082,Call
9086,9085,Call
9088,9082,Call
9088,9087,Call
9090,9084,Call
9090,9086,Call
9090,9088,Call
9090,9089,Call
9091,9090,Call
9093,9092,Call
9095,9093,Call
9097,9095,Call
9097,9096,Call
9099,9095,Call
9099,9098,Call
9101,9095,Call
9101,9100,Call
9103,9097,Call
9103,9099,Call
9103,9101,Call
9103,9102,Call
9104,9103,Call
9106,9105,Call
9108,9106,Call
9110,9108,Call
9110,9109,Call
9112,9108,Call
9112,9111,Call
9114,9108,Call
9114,9113,Call
9116,9110,Call
9116,9112,Call
9116,9114,Call
9116,9115,Call
9117,9116,Call
9119,9118,Call
9121,9119,Call
9123,9121,Call
9123,9122,Call
9125,9121,Call
9125,9124,Call
9127,9121,Call
9127,9126,Call
9129,9123,Call
9129,9125,Call
9129,9127,Call
9129,9128,Call
9130,9129,Call
9132,9131,Call
9134,9132,Call
9136,9134,Call
9136,9135,Call
9138,9134,Call
9138,9137,Call
9140,9134,Call
9140,9139,Call
9142,9136,Call
9142,9138,Call
9142,9140,Call
9142,9141,Call
9143,9142,Call
9145,9144,Call
9147,9145,Call
9149,9147,Call
9149,9148,Call
9151,9147,Call
9151,9150,Call
9153,9147,Call
9153,9152,Call
9155,9149,Call
9155,9151,Call
9155,9153,Call
9155,9154,Call
9156,9155,Call
9158,9157,Call
9160,9158,Call
9162,9160,Call
9162,9161,Call
9164,9160,Call
9164,9163,Call
9166,9160,Call
9166,9165,Call
9168,9162,Call
9168,9164,Call
9168,9166,Call
9168,9167,Call
9169,9168,Call
9171,9170,Call
9173,9171,Call
9175,9173,Call
9175,9174,Call
9177,9173,Call
9177,9176,Call
9179,9173,Call
9179,9178,Call
9181,9175,Call
9181,9177,Call
9181,9179,Call
9181,9180,Call
9182,9181,Call
9184,9183,Call
9186,9184,Call
9188,9186,Call
9188,9187,Call
9190,9186,Call
9190,9189,Call
9192,9186,Call
9192,9191,Call
9194,9188,Call
9194,9190,Call
9194,9192,Call
9194,9193,Call
9195,9194,Call
9197,9196,Call
9199,9197,Call
9201,9199,Call
9201,9200,Call
9203,9199,Call
9203,9202,Call
9205,9199,Call
9205,9204,Call
9207,9201,Call
9207,9203,Call
9207,9205,Call
9207,9206,Call
9208,9207,Call
9210,9209,Call
9212,9210,Call
9214,9212,Call
9214,9213,Call
9216,9212,Call
9216,9215,Call
9218,9212,Call
9218,9217,Call
9220,9214,Call
9220,9216,Call
9220,9218,Call
9220,9219,Call
9221,9220,Call
9223,9222,Call
9225,9223,Call
9227,9225,Call
9227,9226,Call
9229,9225,Call
9229,9228,Call
9231,9225,Call
9231,9230,Call
9233,9227,Call
9233,9229,Call
9233,9231,Call
9233,9232,Call
9234,9233,Call
9236,9235,Call
9238,9236,Call
9240,9238,Call
9240,9239,Call
9242,9238,Call
9242,9241,Call
9244,9238,Call
9244,9243,Call
9246,9240,Call
9246,9242,Call
9246,9244,Call
9246,9245,Call
9247,9246,Call
9249,9248,Call
9251,9249,Call
9253,9251,Call
9253,9252,Call
9255,9251,Call
9255,9254,Call
9257,9251,Call
9257,9256,Call
9259,9253,Call
9259,9255,Call
9259,9257,Call
9259,9258,Call
9260,9259,Call
9262,9261,Call
9264,9262,Call
9266,9264,Call
9266,9265,Call
9268,9264,Call
9268,9267,Call
9270,9264,Call
9270,9269,Call
9272,9266,Call
9272,9268,Call
9272,9270,Call
9272,9271,Call
9273,9272,Call
9275,9274,Call
9277,9275,Call
9279,9277,Call
9279,9278,Call
9281,9277,Call
9281,9280,Call
9283,9277,Call
9283,9282,Call
9285,9279,Call
9285,9281,Call
9285,9283,Call
9285,9284,Call
9286,9285,Call
9288,9287,Call
9290,9288,Call
9292,9290,Call
9292,9291,Call
9294,9290,Call
9294,9293,Call
9296,9290,Call
9296,9295,Call
9298,9292,Call
9298,9294,Call
9298,9296,Call
9298,9297,Call
9299,9298,Call
9301,9300,Call
9303,9301,Call
9305,9303,Call
9305,9304,Call
9307,9303,Call
9307,9306,Call
9309,9303,Call
9309,9308,Call
9311,9305,Call
9311,9307,Call
9311,9309,Call
9311,9310,Call
9312,9311,Call
9314,9313,Call
9316,9314,Call
9318,9316,Call
9318,9317,Call
9320,9316,Call
9320,9319,Call
9322,9316,Call
9322,9321,Call
9324,9318,Call
9324,9320,Call
9324,9322,Call
9324,9323,Call
9325,9324,Call
9327,9326,Call
9329,9327,Call
9331,9329,Call
9331,9330,Call
9333,9329,Call
9333,9332,Call
9335,9329,Call
9335,9334,Call
9337,9331,Call
9337,9333,Call
9337,9335,Call
9337,9336,Call
9338,9337,Call
9340,9339,Call
9342,9340,Call
9344,9342,Call
9344,9343,Call
9346,9342,Call
9346,9345,Call
9348,9342,Call
9348,9347,Call
9350,9344,Call
9350,9346,Call
9350,9348,Call
9350,9349,Call
9351,9350,Call
9353,9352,Call
9355,9353,Call
9357,9355,Call
9357,9356,Call
9359,9355,Call
9359,9358,Call
9361,9355,Call
9361,9360,Call
9363,9357,Call
9363,9359,Call
9363,9361,Call
9363,9362,Call
9364,9363,Call
9366,9365,Call
9368,9366,Call
9370,9368,Call
9370,9369,Call
9372,9368,Call
9372,9371,Call
9374,9368,Call
9374,9373,Call
9376,9370,Call
9376,9372,Call
9376,9374,Call
9376,9375,Call
9377,9376,Call
9379,9378,Call
9381,9379,Call
9383,9381,Call
9383,9382,Call
9385,9381,Call
9385,9384,Call
9387,9381,Call
9387,9386,Call
9389,9383,Call
9389,9385,Call
9389,9387,Call
9389,9388,Call
9390,9389,Call
9392,9391,Call
9394,9392,Call
9396,9394,Call
9396,9395,Call
9398,9394,Call
9398,9397,Call
9400,9394,Call
9400,9399,Call
9402,9396,Call
9402,9398,Call
9402,9400,Call
9402,9401,Call
9403,9402,Call
9405,9404,Call
9407,9405,Call
9407,9409,Call
9409,9408,Call
9409,9419,Call
9411,9407,Call
9411,9410,Call
9413,1317,Call
9413,9407,Call
9413,9411,Call
9413,9412,Call
9415,1317,Call
9415,9407,Call
9415,9414,Call
9417,9416,Call
9417,9419,Call
9418,9409,Call
9418,9413,Call
9418,9415,Call
9418,9417,Call
9421,9420,Call
9423,9421,Call
9423,9422,Call
9424,9423,Call
9425,9423,Call
9425,9424,Call
9426,9423,Call
9426,9425,Call
9427,9424,Call
9427,9425,Call
9427,9426,Call
9429,9428,Call
9431,9429,Call
9431,9430,Call
9432,9431,Call
9433,9431,Call
9433,9432,Call
9434,9431,Call
9434,9433,Call
9435,9434,Call
9436,9432,Call
9436,9433,Call
9436,9434,Call
9436,9435,Call
9438,9437,Call
9440,9438,Call
9440,9439,Call
9441,9440,Call
9442,9440,Call
9442,9441,Call
9443,9440,Call
9443,9442,Call
9444,9441,Call
9444,9442,Call
9444,9443,Call
9446,9445,Call
9448,9446,Call
9450,9449,Call
9451,9450,Call
9453,9452,Call
9455,9453,Call
9457,1334,Call
9457,9455,Call
9457,9456,Call
9458,9457,Call
9460,9459,Call
9462,9460,Call
9464,1320,Call
9464,9462,Call
9464,9463,Call
9465,9464,Call
9466,9470,Call
9467,9466,Call
9467,9470,Call
9468,9467,Call
9468,9469,Call
9473,9474,Call
9473,9475,Call
9473,9476,Call
9477,9478,Call
9481,9480,Call
9483,9481,Call
9484,9483,Call
9486,9484,Call
9488,9486,Call
9490,9488,Call
9492,9490,Call
9494,9492,Call
9496,9494,Call
9498,9496,Call
9500,9498,Call
9502,9500,Call
9504,9502,Call
9506,9504,Call
9508,9506,Call
9510,9508,Call
9512,9510,Call
9514,9512,Call
9516,9514,Call
9518,9516,Call
9520,9518,Call
9522,9520,Call
9524,9522,Call
9526,9524,Call
9528,9526,Call
9530,9528,Call
9532,9530,Call
9534,9532,Call
9536,9534,Call
9538,9536,Call
9540,9538,Call
9542,9540,Call
9544,9542,Call
9546,9544,Call
9548,9546,Call
9550,9548,Call
9552,9550,Call
9554,9552,Call
9556,9554,Call
9558,9556,Call
9560,9558,Call
9562,9560,Call
9564,9562,Call
9566,9564,Call
9568,9566,Call
9570,9568,Call
9572,9570,Call
9574,9572,Call
9576,9574,Call
9578,9576,Call
9580,9578,Call
9582,9580,Call
9584,9582,Call
9586,9584,Call
9588,9586,Call
9590,9588,Call
9592,9590,Call
9594,9592,Call
9596,9594,Call
9598,9596,Call
9600,9598,Call
9602,9600,Call
9604,9602,Call
9606,9604,Call
9608,9606,Call
9610,9608,Call
9612,9610,Call
9614,9612,Call
9616,9614,Call
9618,9616,Call
9620,9618,Call
9622,9620,Call
9624,9622,Call
9626,9624,Call
9628,9626,Call
9630,9628,Call
9632,9630,Call
9634,9632,Call
9636,9634,Call
9638,9636,Call
9640,9638,Call
9642,9640,Call
9644,9642,Call
9646,9644,Call
9648,9646,Call
9650,9648,Call
9652,9650,Call
9654,9652,Call
9656,9654,Call
9658,9656,Call
9660,9658,Call
9662,9660,Call
9664,9662,Call
9666,9664,Call
9668,9666,Call
9670,9668,Call
9672,9670,Call
9674,9672,Call
9676,9674,Call
9678,9676,Call
9680,9678,Call
9681,9680,Call
9682,9681,Call
9685,9684,Call
9687,9686,Call
9689,9685,Call
9689,9687,Call
9689,9688,Call
9692,9691,Call
9694,9692,Call
9695,9694,Call
9697,9695,Call
9699,9697,Call
9701,9699,Call
9703,9701,Call
9705,9703,Call
9707,9705,Call
9709,9707,Call
9711,9709,Call
9713,9711,Call
9715,9713,Call
9717,9715,Call
9719,9717,Call
9721,9719,Call
9723,9721,Call
9725,9723,Call
9727,9725,Call
9729,9727,Call
9731,9729,Call
9733,9731,Call
9735,9733,Call
9737,9735,Call
9739,9737,Call
9741,9739,Call
9743,9741,Call
9745,9743,Call
9747,9745,Call
9749,9747,Call
9751,9749,Call
9753,9751,Call
9755,9753,Call
9757,9755,Call
9759,9757,Call
9761,9759,Call
9763,9761,Call
9765,9763,Call
9767,9765,Call
9769,9767,Call
9771,9769,Call
9773,9771,Call
9775,9773,Call
9777,9775,Call
9779,9777,Call
9781,9779,Call
9783,9781,Call
9785,9783,Call
9787,9785,Call
9789,9787,Call
9791,9789,Call
9793,9791,Call
9795,9793,Call
9797,9795,Call
9799,9797,Call
9801,9799,Call
9803,9801,Call
9805,9803,Call
9807,9805,Call
9809,9807,Call
9811,9809,Call
9813,9811,Call
9815,9813,Call
9817,9815,Call
9819,9817,Call
9821,9819,Call
9823,9821,Call
9825,9823,Call
9827,9825,Call
9829,9827,Call
9831,9829,Call
9833,9831,Call
9835,9833,Call
9837,9835,Call
9839,9837,Call
9841,9839,Call
9843,9841,Call
9845,9843,Call
9847,9845,Call
9849,9847,Call
9851,9849,Call
9853,9851,Call
9855,9853,Call
9857,9855,Call
9859,9857,Call
9861,9859,Call
9863,9861,Call
9865,9863,Call
9867,9865,Call
9869,9867,Call
9871,9869,Call
9873,9871,Call
9875,9873,Call
9877,9875,Call
9879,9877,Call
9881,9879,Call
9883,9881,Call
9885,9883,Call
9887,9885,Call
9889,9887,Call
9891,9889,Call
9892,9891,Call
9893,9892,Call
9898,1304,Call
9899,9898,Call
9901,1428,Call
9902,9901,Call
9904,1462,Call
9905,9904,Call
9911,9910,Call
9912,9907,Call
9912,9908,Call
9912,9911,Call
9915,8225,Call
9916,8224,Call
9918,8226,Call
17604,17956,Call
17605,17956,Call
17606,17956,Call
17607,17956,Call
17608,17956,Call
17625,17623,Call
17648,17730,Call
17664,17636,Call
17670,17730,Call
17672,17664,Call
17672,17666,Call
17672,17668,Call
17693,17730,Call
17695,17638,Call
17702,17689,Call
17704,17689,Call
17711,17695,Call
17711,17698,Call
17711,17700,Call
17711,17702,Call
17711,17704,Call
17711,17706,Call
17716,17709,Call
17716,17711,Call
17718,17638,Call
17722,17687,Call
17725,17714,Call
17725,17716,Call
17725,17718,Call
17732,17730,Call
17740,17945,Call
17756,17787,Call
17756,17799,Call
17759,17775,Call
17766,17799,Call
17775,17817,Call
17775,17856,Call
17775,17864,Call
17787,17799,Call
17787,17805,Call
17799,17775,Call
17799,17895,Call
17802,17648,Call
17802,17691,Call
17802,17693,Call
17802,17714,Call
17802,17732,Call
17805,17799,Call
17805,17802,Call
17805,17895,Call
17817,17856,Call
17856,17864,Call
17864,17856,Call
17870,17856,Call
17870,17864,Call
17870,17945,Call
17870,18023,Call
17874,17872,Call
17882,17650,Call
17882,17895,Call
17945,17799,Call
17945,17817,Call
17945,17856,Call
17945,17895,Call
17956,17856,Call
17956,17930,Call
17956,17934,Call
17956,17945,Call
20211,20212,Call
20211,20213,Call
20211,20214,Call
20211,20215,Call
20211,20216,Call
20217,20218,Call
20217,20219,Call
20217,20220,Call
20217,20221,Call
20217,20222,Call
20217,20225,Call
20217,20226,Call
20217,20227,Call
20217,20230,Call
20217,20231,Call
20217,20232,Call
20217,20233,Call
20217,20234,Call
20217,20235,Call
20217,20236,Call
20217,20237,Call
20217,20238,Call
20217,20239,Call
20217,20240,Call
20217,20241,Call
20217,20242,Call
20217,20243,Call
20217,20244,Call
20217,20245,Call
20217,20246,Call
20217,20247,Call
20217,20248,Call
20217,20249,Call
20217,20250,Call
20217,20251,Call
20217,20252,Call
20217,20253,Call
20217,20254,Call
20217,20256,Call
20217,20257,Call
20217,20258,Call
20217,20259,Call
20217,20260,Call
20217,20261,Call
20217,20265,Call
20217,20267,Call
20217,20268,Call
20222,31236,Call
20222,31237,Call
20225,31238,Call
20225,31244,Call
20226,31239,Call
20226,31250,Call
20241,31143,Call
20241,31151,Call
20242,31144,Call
20247,20232,Call
20247,20239,Call
20247,20251,Call
20253,31280,Call
20253,31286,Call
20254,31281,Call
20261,31157,Call
20261,31158,Call
20261,31159,Call
20261,31160,Call
20265,31161,Call
20265,31169,Call
31141,31142,Call
31141,31143,Call
31141,31144,Call
31142,31144,Call
31145,31146,Call
31146,28557,Call
31146,28737,Call
31146,31211,Call
31146,31342,Call
31151,31146,Call
31153,31154,Call
31154,31200,Call
31154,31201,Call
31155,31156,Call
31155,31157,Call
31155,31158,Call
31155,31159,Call
31155,31160,Call
31155,31161,Call
31155,31169,Call
31156,22181,Call
31156,31165,Call
31169,31156,Call
31169,31157,Call
31169,31158,Call
31169,31159,Call
31169,31160,Call
31169,31337,Call
31175,31176,Call
31183,31184,Call
31184,22551,Call
31184,31176,Call
31184,31191,Call
31205,31206,Call
31206,31211,Call
31206,31215,Call
31207,31206,Call
31210,31211,Call
31211,31253,Call
31211,31315,Call
31211,31316,Call
31214,31215,Call
31215,31298,Call
31215,31306,Call
31215,31307,Call
31234,31235,Call
31234,31236,Call
31234,31237,Call
31234,31238,Call
31234,31239,Call
31234,31244,Call
31234,31250,Call
31244,31154,Call
31244,31235,Call
31244,31236,Call
31244,31237,Call
31244,31338,Call
31250,31156,Call
31252,31253,Call
31260,31261,Call
31261,31176,Call
31261,31184,Call
31261,31264,Call
31261,31265,Call
31261,31339,Call
31261,31340,Call
31271,31272,Call
31278,31279,Call
31278,31280,Call
31278,31281,Call
31279,31281,Call
31286,31261,Call
31288,31289,Call
31289,31215,Call
31289,31292,Call
31289,31293,Call
31289,31341,Call
31297,31298,Call
31336,31206,Call
31337,17605,Call
31338,17604,Call
