module_id,object_id
412,1368
412,1475
412,1301
412,1469
412,1467
412,1371
412,1470
412,1369
412,1472
412,1400
412,1451
412,1370
412,454
412,501
412,1473
412,1456
412,1455
412,1454
412,1372
412,1453
412,1474
412,1303
412,1471
412,1452
412,8219
412,8337
412,8217
412,8218
412,8229
412,8392
412,8080
412,8078
412,8079
412,8076
412,8345
412,8355
412,8353
412,8216
412,519
412,479
412,476
412,490
412,452
412,507
412,512
412,492
412,508
412,505
412,500
412,485
412,518
412,484
412,461
412,459
412,463
412,474
412,503
412,501
412,460
412,475
412,498
412,493
412,517
412,510
412,454
412,513
412,453
412,486
412,591
412,469
412,465
412,471
412,466
412,467
412,458
412,489
412,495
412,482
412,491
412,515
412,483
412,504
412,470
412,456
412,494
412,464
412,477
412,481
412,488
412,480
412,473
412,468
412,487
412,496
412,511
412,506
412,509
412,516
412,472
412,514
412,478
412,451
412,17712
412,17873
412,17818
412,17931
412,17800
412,17897
412,18093
412,17896
412,17807
412,18087
412,18090
412,18091
412,17865
412,17819
412,17603
412,17935
412,17806
412,17936
412,17946
412,17788
412,17892
412,18025
412,18089
412,18094
412,17947
412,18088
412,17871
412,18095
412,18026
412,17957
412,17602
412,18096
412,18092
412,17958
412,18027
412,17883
412,17657
412,21994
412,29394
412,30048
412,21376
412,29962
412,20572
412,20303
412,29775
412,30022
412,29653
412,30993
412,26622
412,24329
412,26045
412,26206
412,31335
412,26267
412,21976
412,30458
412,29237
412,31328
412,21289
412,21992
412,30631
412,21103
412,29684
412,26672
412,21387
412,26753
412,27751
412,30046
412,31055
412,24826
412,23022
412,29960
412,29503
412,21989
412,28265
412,24308
412,22979
412,27498
412,26004
412,21758
412,23817
412,29868
412,28636
412,22995
412,22977
412,20208
412,21733
412,28621
412,30855
412,30937
412,29298
412,22509
412,20206
412,24127
412,23875
412,25411
412,28537
412,29871
412,26468
412,20626
412,20311
412,30491
412,20574
412,26838
412,21911
412,20340
412,24718
412,26809
412,30597
412,21032
412,29049
412,26356
412,27244
412,29827
412,26620
412,30119
412,28353
412,21816
412,31290
412,29510
412,23695
412,24920
412,21905
412,24507
412,28915
412,23492
412,23588
412,27430
412,22521
412,26853
412,20625
412,25487
412,28255
412,20451
412,26028
412,29294
412,20205
412,26438
412,29165
412,31066
412,28584
412,24184
412,23114
412,26373
412,30451
412,23569
412,29292
412,25909
412,26454
412,27576
412,31197
412,23024
412,28411
412,24482
412,22810
412,28249
412,31301
412,27681
412,21300
412,28261
412,27372
412,22497
412,30779
412,30852
412,27178
412,20635
412,30668
412,29032
412,27496
412,20204
412,26771
412,30527
412,30273
412,23104
412,28977
412,22855
412,27118
412,27318
412,20935
412,20453
412,25407
412,29640
412,20621
412,21636
412,20304
412,29184
412,30243
412,23590
412,21610
412,30563
412,25130
412,20816
412,22528
412,23989
412,30537
412,20270
412,23753
412,27562
412,22009
412,30915
412,29723
412,27324
412,23973
412,25204
412,20995
412,25973
412,24190
412,30314
412,22824
412,29163
412,23940
412,30744
412,22460
412,27320
412,26016
412,29946
412,27204
412,30539
412,31262
412,31255
412,20840
412,30678
412,30931
412,25904
412,24274
412,29807
412,29900
412,28994
412,24272
412,20582
412,24600
412,30606
412,26406
412,26717
412,20502
412,22006
412,26462
412,26050
412,20203
412,22899
412,21548
412,20470
412,29325
412,27432
412,27636
412,27685
412,26892
412,26014
412,28643
412,28829
412,20841
412,27714
412,23346
412,26567
412,25159
412,23240
412,29233
412,31218
412,29086
412,24089
412,21790
412,21034
412,20570
412,29682
412,30281
412,24310
412,25912
412,23034
412,29975
412,26554
412,25619
412,20505
412,21823
412,26790
412,27041
412,24312
412,20560
412,25153
412,27725
412,21932
412,24385
412,27679
412,23955
412,24487
412,27414
412,26990
412,20576
412,29680
412,28400
412,23531
412,27566
412,21628
412,24745
412,21815
412,25922
412,22989
412,25985
412,29195
412,26380
412,21530
412,29820
412,29799
412,22744
412,21556
412,21683
412,29873
412,30516
412,28092
412,29976
412,26782
412,29725
412,20454
412,26559
412,22015
412,21909
412,30117
412,22471
412,21111
412,26788
412,30133
412,28816
412,26378
412,22014
412,26037
412,27116
412,30090
412,22837
412,26042
412,27643
412,26044
412,30409
412,20590
412,30435
412,20272
412,28913
412,23574
412,28971
412,26447
412,25892
412,28613
412,27075
412,20731
412,21637
412,28759
412,20464
412,30107
412,25865
412,30401
412,27911
412,21763
412,31079
412,27199
412,24741
412,25459
412,25477
412,29120
412,26995
412,23873
412,27129
412,30675
412,30086
412,30636
412,24106
412,30762
412,29013
412,21749
412,22952
412,22822
412,28820
412,27304
412,20719
412,24858
412,23599
412,27907
412,30769
412,27663
412,29902
412,21590
412,20543
412,30673
412,30721
412,26490
412,21724
412,29053
412,29167
412,26500
412,31077
412,20293
412,27904
412,29752
412,21773
412,23821
412,30638
412,20954
412,20750
412,20535
412,28818
412,21853
412,30740
412,28747
412,28263
412,23225
412,30230
412,27687
412,28854
412,20550
412,29721
412,28431
412,22211
412,30449
412,28081
412,25108
412,29983
412,23878
412,27085
412,28566
412,26472
412,31110
412,20255
412,31187
412,20926
412,21961
412,22472
412,24201
412,21807
412,23348
412,26047
412,27902
412,29191
412,22672
412,26862
412,27212
412,27670
412,29915
412,30942
412,22954
412,30534
412,22505
412,21764
412,20580
412,30868
412,23888
412,20548
412,28409
412,20589
412,20899
412,26470
412,21929
412,30960
412,29565
412,29273
412,30584
412,22919
412,29765
412,30567
412,22997
412,24518
412,30946
412,26502
412,28831
412,21120
412,26018
412,24284
412,26533
412,21576
412,22083
412,21910
412,24827
412,30124
412,29638
412,20578
412,20586
412,21257
412,28345
412,29028
412,26835
412,22212
412,24388
412,22059
412,30742
412,26207
412,30264
412,21575
412,27210
412,30857
412,23953
412,24028
412,29595
412,22061
412,28638
412,25105
412,25413
412,24818
412,26787
412,22028
412,22535
412,29235
412,28973
412,29327
412,30477
412,24500
412,30204
412,30629
412,28517
412,25132
412,21933
412,30443
412,26807
412,27422
412,27972
412,22236
412,20521
412,24816
412,20741
412,25859
412,21029
412,23152
412,29886
412,21813
412,27306
412,31273
412,23561
412,29318
412,22008
412,31081
412,25192
412,20562
412,28660
412,30328
412,29888
412,29719
412,23895
412,30216
412,20518
412,28519
412,21944
412,24265
412,25397
412,27370
412,25172
412,24131
412,28404
412,20305
412,26174
412,27124
412,25380
412,25103
412,20271
412,27346
412,27248
412,30237
412,21991
412,31240
412,27155
412,24860
412,23594
412,21930
412,23571
412,29030
412,22923
412,22013
412,21611
412,20554
412,21621
412,23178
412,22238
412,26431
412,25122
412,23592
412,31085
412,22651
412,23907
412,23111
412,24597
412,30829
412,22065
412,30746
412,25400
412,30723
412,29193
412,27330
412,20817
412,23892
412,26769
412,23672
412,28415
412,20759
412,21327
412,25187
412,27428
412,27657
412,29866
412,24450
412,25618
412,28253
412,25705
412,28257
412,27818
412,20474
412,24907
412,26269
412,26365
412,22965
412,22556
412,20584
412,29015
412,30308
412,22763
412,30481
412,28586
412,24420
412,21795
412,22078
412,22058
412,22835
412,26557
412,28347
412,26019
412,25289
412,25967
412,24727
412,21612
412,23890
412,24401
412,27675
412,28351
412,29642
412,21848
412,20207
412,28547
412,29437
412,23944
412,22879
412,24752
412,28259
412,20568
412,23970
412,22060
412,22548
412,21362
412,28632
412,27671
412,30454
412,26848
412,27677
412,20210
412,27242
412,28539
412,21990
412,26410
412,28545
412,23163
412,21557
412,24548
412,20838
412,21904
412,22221
412,30373
412,24503
412,31147
412,25415
412,26639
412,29412
412,30576
412,23207
412,30650
412,21808
412,31089
412,29920
412,20748
412,24831
412,30299
412,23883
412,31053
412,30729
412,31060
412,29435
412,20564
412,29118
412,31320
412,25981
412,31311
412,20547
412,23217
412,31162
412,21537
412,21993
412,26043
412,31047
412,29863
412,29831
412,24382
412,20558
412,24565
412,27489
412,20846
412,29809
412,29785
412,23341
412,23596
412,20542
412,25362
412,26821
412,22828
412,30725
412,26576
412,28619
412,30803
412,27105
412,21646
412,22248
412,21814
412,27412
412,22010
412,21774
412,31282
412,30801
412,23227
412,23801
412,28757
412,26452
412,30246
412,24161
412,26840
412,27573
412,27136
412,25624
412,28083
412,27673
412,26361
412,23865
412,30212
412,24300
412,27689
412,20472
412,29421
412,30958
412,30586
412,27326
412,26444
412,30403
412,21344
412,29329
412,28610
412,23897
412,30838
412,27710
412,22064
412,25936
412,28755
412,26049
412,27500
412,24251
412,26436
412,28085
412,24424
412,30933
412,20471
412,27815
412,30437
412,30925
412,29973
412,30362
412,30643
412,20672
412,23885
412,26466
412,31178
412,30951
412,20654
412,26488
412,24203
412,29396
412,30618
412,20639
412,20627
412,22833
412,26692
412,26375
412,24409
412,27435
412,24590
412,28979
412,30559
412,29576
412,30270
412,30892
412,25291
412,29296
412,29462
412,22222
412,29636
412,22826
412,30344
412,20827
412,29601
412,29159
412,29918
412,27391
412,29051
412,27322
412,31075
412,20422
412,24824
412,23526
412,26046
412,29018
412,24087
412,23149
412,29323
412,29505
412,22831
412,23497
412,20201
412,27712
412,26710
412,8064
412,8360
412,8057
412,8055
412,8054
412,8069
412,8058
412,8070
412,8359
412,8056
412,17938
412,17914
412,8076
412,17812
412,8076
412,8076
412,8076
412,8076
412,8076
412,8076
412,8076
412,8076
412,18030
412,8076
412,18002
412,18025
412,18025
412,18025
412,17994
412,18011
412,18025
412,8076
412,8076
412,8076
412,8076
412,8076
412,8076
412,8076
412,8076
412,8076
412,8076
412,8076
412,8076
412,8076
412,8076
412,8076
412,8076
412,8076
412,8076
412,8076
412,8076
412,8076
412,8076
412,8076
412,8076
412,8076
412,8076
412,8076
412,8076
412,8076
412,8076
412,8076
412,8076
412,8076
412,8076
412,462
412,462
412,520
412,521
412,522
412,522
412,524
412,525
412,526
412,527
412,528
412,529
412,530
412,531
412,532
412,533
412,534
412,535
412,536
412,537
412,538
412,539
412,540
412,541
412,542
412,543
412,544
412,545
412,546
412,547
412,548
412,549
412,550
412,551
412,552
412,553
412,554
412,555
412,556
412,557
412,558
412,559
412,560
412,561
412,562
412,563
412,564
412,565
412,566
412,567
412,568
412,569
412,570
412,571
412,572
412,573
412,574
412,575
412,576
412,577
412,578
412,579
412,580
412,581
412,582
412,583
412,584
412,585
412,586
412,587
412,588
412,589
412,592
412,594
412,595
412,596
412,597
412,598
412,601
412,602
412,603
412,604
412,605
412,606
412,620
412,621
412,626
412,627
412,628
412,634
412,639
412,640
412,641
412,642
412,643
412,644
412,645
412,646
412,647
412,1304
412,1304
412,1304
412,1304
412,1304
412,1309
412,1310
412,1311
412,1312
412,1313
412,1314
412,1315
412,1316
412,1317
412,1318
412,1319
412,1320
412,1320
412,1320
412,1320
412,1320
412,1320
412,1320
412,1327
412,1327
412,1327
412,1327
412,1327
412,1327
412,1327
412,1334
412,1334
412,1334
412,1334
412,1334
412,1334
412,1334
412,1334
412,1334
412,1334
412,1334
412,1334
412,1334
412,1334
412,1334
412,1334
412,1334
412,1351
412,1351
412,1351
412,1351
412,1351
412,1356
412,1356
412,1356
412,1356
412,1356
412,1356
412,1356
412,1363
412,1363
412,1363
412,1363
412,1363
412,1373
412,1374
412,1375
412,1376
412,1377
412,1378
412,1379
412,1380
412,1381
412,1382
412,1383
412,1384
412,1385
412,1386
412,1387
412,1388
412,1389
412,1390
412,1391
412,1392
412,1393
412,1394
412,1395
412,1395
412,1395
412,1395
412,1395
412,1395
412,1395
412,1395
412,1395
412,1395
412,1395
412,1407
412,1407
412,1407
412,1407
412,1407
412,1407
412,1407
412,1407
412,1415
412,1415
412,1415
412,1415
412,1415
412,1415
412,1421
412,1421
412,1421
412,1421
412,1421
412,1421
412,1421
412,1428
412,1428
412,1428
412,1428
412,1428
412,1428
412,1434
412,1434
412,1434
412,1434
412,1434
412,1434
412,1434
412,1441
412,1441
412,1441
412,1441
412,1441
412,1441
412,1441
412,1441
412,1441
412,1441
412,1457
412,1457
412,1457
412,1457
412,1457
412,1462
412,1462
412,1462
412,1462
412,1462
412,1468
412,8001
412,8002
412,8003
412,8051
412,8052
412,8053
412,8059
412,8060
412,8061
412,8062
412,8063
412,8065
412,8066
412,8067
412,8068
412,8071
412,8072
412,8072
412,8081
412,8081
412,8086
412,8086
412,8088
412,8088
412,8090
412,8090
412,8092
412,8092
412,8094
412,8094
412,8096
412,8096
412,8098
412,8098
412,8100
412,8100
412,8102
412,8102
412,8104
412,8104
412,8106
412,8106
412,8108
412,8108
412,8110
412,8110
412,8112
412,8112
412,8114
412,8114
412,8116
412,8116
412,8118
412,8118
412,8120
412,8120
412,8122
412,8122
412,8124
412,8124
412,8126
412,8126
412,8128
412,8128
412,8130
412,8130
412,8132
412,8132
412,8134
412,8134
412,8136
412,8136
412,8138
412,8138
412,8139
412,8139
412,8141
412,8141
412,8143
412,8143
412,8145
412,8145
412,8147
412,8147
412,8149
412,8149
412,8155
412,8155
412,8155
412,8168
412,8168
412,8168
412,8168
412,8180
412,8180
412,8183
412,8183
412,8188
412,8188
412,8192
412,8192
412,8192
412,8192
412,8192
412,8192
412,8202
412,8202
412,8206
412,8206
412,8206
412,8214
412,8214
412,8220
412,8221
412,8222
412,8223
412,8224
412,8225
412,8226
412,8227
412,8228
412,8230
412,8230
412,8231
412,8232
412,8232
412,8233
412,8234
412,8235
412,8236
412,8237
412,8238
412,8239
412,8240
412,8241
412,8242
412,8243
412,8244
412,8245
412,8246
412,8247
412,8248
412,8249
412,8250
412,8251
412,8252
412,8253
412,8254
412,8255
412,8256
412,8257
412,8258
412,8259
412,8260
412,8261
412,8262
412,8263
412,8264
412,8265
412,8266
412,8267
412,8268
412,8269
412,8270
412,8271
412,8272
412,8273
412,8274
412,8275
412,8276
412,8277
412,8278
412,8279
412,8279
412,8280
412,8280
412,8281
412,8281
412,8282
412,8283
412,8284
412,8285
412,8286
412,8287
412,8288
412,8289
412,8290
412,8291
412,8292
412,8293
412,8294
412,8295
412,8296
412,8297
412,8298
412,8299
412,8300
412,8301
412,8302
412,8303
412,8304
412,8305
412,8306
412,8307
412,8308
412,8309
412,8310
412,8311
412,8312
412,8313
412,8314
412,8315
412,8316
412,8317
412,8318
412,8319
412,8320
412,8321
412,8322
412,8323
412,8324
412,8325
412,8326
412,8327
412,8328
412,8329
412,8330
412,8331
412,8332
412,8333
412,8334
412,8335
412,8336
412,8338
412,8363
412,8364
412,8365
412,8366
412,8367
412,8368
412,8369
412,8370
412,8374
412,8375
412,8376
412,8377
412,8378
412,8379
412,8380
412,8381
412,8382
412,8383
412,8384
412,8385
412,8386
412,8387
412,8388
412,8389
412,8390
412,8391
412,8394
412,8395
412,8396
412,8397
412,8398
412,8399
412,8400
412,8401
412,8402
412,8403
412,8404
412,8405
412,8406
412,8407
412,8408
412,8409
412,8410
412,8411
412,8412
412,8413
412,8414
412,8415
412,8416
412,8417
412,8418
412,8419
412,8420
412,8421
412,8422
412,8423
412,8424
412,8425
412,8426
412,8427
412,8428
412,8429
412,8430
412,8431
412,8432
412,8433
412,8434
412,8435
412,8436
412,8437
412,8438
412,8439
412,8440
412,8441
412,8442
412,8443
412,8444
412,8445
412,8446
412,8447
412,8448
412,8449
412,8450
412,8451
412,8452
412,8453
412,8454
412,8455
412,8456
412,8457
412,8458
412,8459
412,8460
412,8461
412,8462
412,8463
412,8464
412,8465
412,8466
412,8467
412,8468
412,8469
412,8470
412,8471
412,8472
412,8473
412,8474
412,8475
412,8476
412,8477
412,8478
412,8479
412,8480
412,8481
412,8482
412,8483
412,8484
412,8485
412,8486
412,8487
412,8488
412,8489
412,8490
412,8491
412,8492
412,8493
412,8494
412,8495
412,8496
412,8497
412,8498
412,8499
412,8500
412,8501
412,8502
412,8503
412,8504
412,8505
412,8506
412,8507
412,8508
412,8509
412,8510
412,8511
412,8512
412,8513
412,8514
412,8515
412,8516
412,8517
412,8518
412,8519
412,8520
412,8521
412,8522
412,8523
412,8524
412,8525
412,8526
412,8527
412,8528
412,8529
412,8530
412,8531
412,8532
412,8533
412,8534
412,8535
412,8536
412,8537
412,8538
412,8539
412,8540
412,8541
412,8542
412,8543
412,8544
412,8545
412,8546
412,8547
412,8548
412,8549
412,8550
412,8551
412,8552
412,8553
412,8554
412,8555
412,8556
412,8557
412,8558
412,8559
412,8560
412,8561
412,8562
412,8563
412,8564
412,8565
412,8566
412,8567
412,8568
412,8569
412,8570
412,8571
412,8572
412,8573
412,8574
412,8575
412,8576
412,8577
412,8578
412,8579
412,8580
412,8581
412,8582
412,8583
412,8584
412,8585
412,8586
412,8587
412,8588
412,8589
412,8590
412,8591
412,8592
412,8593
412,8594
412,8595
412,8596
412,8597
412,8598
412,8599
412,8600
412,8601
412,8602
412,8603
412,8604
412,8605
412,8606
412,8607
412,8608
412,8609
412,8610
412,8611
412,8612
412,8613
412,8614
412,8615
412,8616
412,8617
412,8618
412,8619
412,8620
412,8621
412,8622
412,8623
412,8624
412,8625
412,8626
412,8627
412,8628
412,8629
412,8630
412,8631
412,8632
412,8633
412,8634
412,8635
412,8636
412,8637
412,8638
412,8639
412,8640
412,8641
412,8642
412,8643
412,8644
412,8645
412,8646
412,8647
412,8648
412,8649
412,8650
412,8651
412,8652
412,8653
412,8654
412,8655
412,8656
412,8657
412,8658
412,8659
412,8660
412,8661
412,8662
412,8663
412,8664
412,8665
412,8666
412,8667
412,8668
412,8669
412,8670
412,8671
412,8672
412,8673
412,8674
412,8675
412,8676
412,8677
412,8678
412,8679
412,8680
412,8681
412,8682
412,8683
412,8684
412,8685
412,8686
412,8687
412,8688
412,8689
412,8690
412,8691
412,8692
412,8693
412,8694
412,8695
412,8696
412,8697
412,8698
412,8699
412,8700
412,8701
412,8702
412,8703
412,8704
412,8705
412,8706
412,8707
412,8708
412,8709
412,8710
412,8711
412,8712
412,8713
412,8714
412,8715
412,8716
412,8717
412,8718
412,8719
412,8720
412,8721
412,8722
412,8723
412,8724
412,8725
412,8726
412,8727
412,8728
412,8729
412,8730
412,8731
412,8732
412,8733
412,8734
412,8735
412,8736
412,8737
412,8738
412,8739
412,8740
412,8741
412,8742
412,8743
412,8744
412,8745
412,8746
412,8747
412,8748
412,8749
412,8750
412,8751
412,8752
412,8753
412,8754
412,8755
412,8756
412,8757
412,8758
412,8759
412,8760
412,8761
412,8762
412,8763
412,8764
412,8765
412,8766
412,8767
412,8768
412,8769
412,8770
412,8771
412,8772
412,8773
412,8774
412,8775
412,8776
412,8777
412,8778
412,8779
412,8780
412,8781
412,8782
412,8783
412,8784
412,8785
412,8786
412,8787
412,8788
412,8789
412,8790
412,8791
412,8792
412,8793
412,8794
412,8795
412,8796
412,8797
412,8798
412,8799
412,8800
412,8801
412,8802
412,8803
412,8804
412,8805
412,8806
412,8807
412,8808
412,8809
412,8810
412,8811
412,8812
412,8813
412,8814
412,8815
412,8816
412,8817
412,8818
412,8819
412,8820
412,8821
412,8822
412,8823
412,8824
412,8825
412,8826
412,8827
412,8828
412,8829
412,8830
412,8831
412,8832
412,8833
412,8834
412,8835
412,8836
412,8837
412,8838
412,8839
412,8840
412,8841
412,8842
412,8843
412,8844
412,8845
412,8846
412,8847
412,8848
412,8849
412,8850
412,8851
412,8852
412,8853
412,8854
412,8855
412,8856
412,8857
412,8858
412,8859
412,8860
412,8861
412,8862
412,8863
412,8864
412,8865
412,8866
412,8867
412,8868
412,8869
412,8870
412,8871
412,8872
412,8873
412,8874
412,8875
412,8876
412,8877
412,8878
412,8879
412,8880
412,8881
412,8882
412,8883
412,8884
412,8885
412,8886
412,8887
412,8888
412,8889
412,8890
412,8891
412,8892
412,8893
412,8894
412,8895
412,8896
412,8897
412,8898
412,8899
412,8900
412,8901
412,8902
412,8903
412,8904
412,8905
412,8906
412,8907
412,8908
412,8909
412,8910
412,8911
412,8912
412,8913
412,8914
412,8915
412,8916
412,8917
412,8918
412,8919
412,8920
412,8921
412,8922
412,8923
412,8924
412,8925
412,8926
412,8927
412,8928
412,8929
412,8930
412,8931
412,8932
412,8933
412,8934
412,8935
412,8937
412,8938
412,8939
412,8940
412,8941
412,8942
412,8943
412,8944
412,8945
412,8946
412,8947
412,8948
412,8949
412,8950
412,8951
412,8952
412,8953
412,8954
412,8955
412,8956
412,8957
412,8958
412,8959
412,8960
412,8961
412,8962
412,8963
412,8964
412,8965
412,8966
412,8967
412,8968
412,8969
412,8970
412,8971
412,8972
412,8973
412,8974
412,8975
412,8976
412,8977
412,8978
412,8979
412,8980
412,8981
412,8982
412,8983
412,8984
412,8985
412,8986
412,8987
412,8988
412,8989
412,8990
412,8991
412,8992
412,8993
412,8994
412,8995
412,8996
412,8997
412,8998
412,8999
412,9000
412,9001
412,9002
412,9003
412,9004
412,9005
412,9006
412,9007
412,9008
412,9009
412,9010
412,9011
412,9012
412,9013
412,9014
412,9015
412,9016
412,9017
412,9018
412,9019
412,9020
412,9021
412,9022
412,9023
412,9024
412,9025
412,9026
412,9027
412,9028
412,9029
412,9030
412,9031
412,9032
412,9033
412,9034
412,9035
412,9036
412,9037
412,9038
412,9039
412,9040
412,9041
412,9042
412,9043
412,9044
412,9045
412,9046
412,9047
412,9048
412,9049
412,9050
412,9051
412,9052
412,9053
412,9054
412,9055
412,9056
412,9057
412,9058
412,9059
412,9060
412,9061
412,9062
412,9063
412,9064
412,9065
412,9066
412,9067
412,9068
412,9069
412,9070
412,9071
412,9072
412,9073
412,9074
412,9075
412,9076
412,9077
412,9078
412,9079
412,9080
412,9081
412,9082
412,9083
412,9084
412,9085
412,9086
412,9087
412,9088
412,9089
412,9090
412,9091
412,9092
412,9093
412,9094
412,9095
412,9096
412,9097
412,9098
412,9099
412,9100
412,9101
412,9102
412,9103
412,9104
412,9105
412,9106
412,9107
412,9108
412,9109
412,9110
412,9111
412,9112
412,9113
412,9114
412,9115
412,9116
412,9117
412,9118
412,9119
412,9120
412,9121
412,9122
412,9123
412,9124
412,9125
412,9126
412,9127
412,9128
412,9129
412,9130
412,9131
412,9132
412,9133
412,9134
412,9135
412,9136
412,9137
412,9138
412,9139
412,9140
412,9141
412,9142
412,9143
412,9144
412,9145
412,9146
412,9147
412,9148
412,9149
412,9150
412,9151
412,9152
412,9153
412,9154
412,9155
412,9156
412,9157
412,9158
412,9159
412,9160
412,9161
412,9162
412,9163
412,9164
412,9165
412,9166
412,9167
412,9168
412,9169
412,9170
412,9171
412,9172
412,9173
412,9174
412,9175
412,9176
412,9177
412,9178
412,9179
412,9180
412,9181
412,9182
412,9183
412,9184
412,9185
412,9186
412,9187
412,9188
412,9189
412,9190
412,9191
412,9192
412,9193
412,9194
412,9195
412,9196
412,9197
412,9198
412,9199
412,9200
412,9201
412,9202
412,9203
412,9204
412,9205
412,9206
412,9207
412,9208
412,9209
412,9210
412,9211
412,9212
412,9213
412,9214
412,9215
412,9216
412,9217
412,9218
412,9219
412,9220
412,9221
412,9222
412,9223
412,9224
412,9225
412,9226
412,9227
412,9228
412,9229
412,9230
412,9231
412,9232
412,9233
412,9234
412,9235
412,9236
412,9237
412,9238
412,9239
412,9240
412,9241
412,9242
412,9243
412,9244
412,9245
412,9246
412,9247
412,9248
412,9249
412,9250
412,9251
412,9252
412,9253
412,9254
412,9255
412,9256
412,9257
412,9258
412,9259
412,9260
412,9261
412,9262
412,9263
412,9264
412,9265
412,9266
412,9267
412,9268
412,9269
412,9270
412,9271
412,9272
412,9273
412,9274
412,9275
412,9276
412,9277
412,9278
412,9279
412,9280
412,9281
412,9282
412,9283
412,9284
412,9285
412,9286
412,9287
412,9288
412,9289
412,9290
412,9291
412,9292
412,9293
412,9294
412,9295
412,9296
412,9297
412,9298
412,9299
412,9300
412,9301
412,9302
412,9303
412,9304
412,9305
412,9306
412,9307
412,9308
412,9309
412,9310
412,9311
412,9312
412,9313
412,9314
412,9315
412,9316
412,9317
412,9318
412,9319
412,9320
412,9321
412,9322
412,9323
412,9324
412,9325
412,9326
412,9327
412,9328
412,9329
412,9330
412,9331
412,9332
412,9333
412,9334
412,9335
412,9336
412,9337
412,9338
412,9339
412,9340
412,9341
412,9342
412,9343
412,9344
412,9345
412,9346
412,9347
412,9348
412,9349
412,9350
412,9351
412,9352
412,9353
412,9354
412,9355
412,9356
412,9357
412,9358
412,9359
412,9360
412,9361
412,9362
412,9363
412,9364
412,9365
412,9366
412,9367
412,9368
412,9369
412,9370
412,9371
412,9372
412,9373
412,9374
412,9375
412,9376
412,9377
412,9378
412,9379
412,9380
412,9381
412,9382
412,9383
412,9384
412,9385
412,9386
412,9387
412,9388
412,9389
412,9390
412,9391
412,9392
412,9393
412,9394
412,9395
412,9396
412,9397
412,9398
412,9399
412,9400
412,9401
412,9402
412,9403
412,9404
412,9405
412,9406
412,9407
412,9408
412,9409
412,9410
412,9411
412,9412
412,9413
412,9414
412,9415
412,9416
412,9417
412,9418
412,9419
412,9420
412,9421
412,9422
412,9423
412,9424
412,9425
412,9426
412,9427
412,9428
412,9429
412,9430
412,9431
412,9432
412,9433
412,9434
412,9435
412,9436
412,9437
412,9438
412,9439
412,9440
412,9441
412,9442
412,9443
412,9444
412,9445
412,9446
412,9447
412,9448
412,9449
412,9450
412,9451
412,9452
412,9453
412,9454
412,9455
412,9456
412,9457
412,9458
412,9459
412,9460
412,9461
412,9462
412,9463
412,9464
412,9465
412,9466
412,9467
412,9468
412,9469
412,9470
412,9471
412,9472
412,9473
412,9474
412,9475
412,9476
412,9477
412,9478
412,9479
412,9480
412,9481
412,9482
412,9483
412,9484
412,9485
412,9486
412,9487
412,9488
412,9489
412,9490
412,9491
412,9492
412,9493
412,9494
412,9495
412,9496
412,9497
412,9498
412,9499
412,9500
412,9501
412,9502
412,9503
412,9504
412,9505
412,9506
412,9507
412,9508
412,9509
412,9510
412,9511
412,9512
412,9513
412,9514
412,9515
412,9516
412,9517
412,9518
412,9519
412,9520
412,9521
412,9522
412,9523
412,9524
412,9525
412,9526
412,9527
412,9528
412,9529
412,9530
412,9531
412,9532
412,9533
412,9534
412,9535
412,9536
412,9537
412,9538
412,9539
412,9540
412,9541
412,9542
412,9543
412,9544
412,9545
412,9546
412,9547
412,9548
412,9549
412,9550
412,9551
412,9552
412,9553
412,9554
412,9555
412,9556
412,9557
412,9558
412,9559
412,9560
412,9561
412,9562
412,9563
412,9564
412,9565
412,9566
412,9567
412,9568
412,9569
412,9570
412,9571
412,9572
412,9573
412,9574
412,9575
412,9576
412,9577
412,9578
412,9579
412,9580
412,9581
412,9582
412,9583
412,9584
412,9585
412,9586
412,9587
412,9588
412,9589
412,9590
412,9591
412,9592
412,9593
412,9594
412,9595
412,9596
412,9597
412,9598
412,9599
412,9600
412,9601
412,9602
412,9603
412,9604
412,9605
412,9606
412,9607
412,9608
412,9609
412,9610
412,9611
412,9612
412,9613
412,9614
412,9615
412,9616
412,9617
412,9618
412,9619
412,9620
412,9621
412,9622
412,9623
412,9624
412,9625
412,9626
412,9627
412,9628
412,9629
412,9630
412,9631
412,9632
412,9633
412,9634
412,9635
412,9636
412,9637
412,9638
412,9639
412,9640
412,9641
412,9642
412,9643
412,9644
412,9645
412,9646
412,9647
412,9648
412,9649
412,9650
412,9651
412,9652
412,9653
412,9654
412,9655
412,9656
412,9657
412,9658
412,9659
412,9660
412,9661
412,9662
412,9663
412,9664
412,9665
412,9666
412,9667
412,9668
412,9669
412,9670
412,9671
412,9672
412,9673
412,9674
412,9675
412,9676
412,9677
412,9678
412,9679
412,9680
412,9681
412,9682
412,9683
412,9684
412,9685
412,9686
412,9687
412,9688
412,9689
412,9690
412,9691
412,9692
412,9693
412,9694
412,9695
412,9696
412,9697
412,9698
412,9699
412,9700
412,9701
412,9702
412,9703
412,9704
412,9705
412,9706
412,9707
412,9708
412,9709
412,9710
412,9711
412,9712
412,9713
412,9714
412,9715
412,9716
412,9717
412,9718
412,9719
412,9720
412,9721
412,9722
412,9723
412,9724
412,9725
412,9726
412,9727
412,9728
412,9729
412,9730
412,9731
412,9732
412,9733
412,9734
412,9735
412,9736
412,9737
412,9738
412,9739
412,9740
412,9741
412,9742
412,9743
412,9744
412,9745
412,9746
412,9747
412,9748
412,9749
412,9750
412,9751
412,9752
412,9753
412,9754
412,9755
412,9756
412,9757
412,9758
412,9759
412,9760
412,9761
412,9762
412,9763
412,9764
412,9765
412,9766
412,9767
412,9768
412,9769
412,9770
412,9771
412,9772
412,9773
412,9774
412,9775
412,9776
412,9777
412,9778
412,9779
412,9780
412,9781
412,9782
412,9783
412,9784
412,9785
412,9786
412,9787
412,9788
412,9789
412,9790
412,9791
412,9792
412,9793
412,9794
412,9795
412,9796
412,9797
412,9798
412,9799
412,9800
412,9801
412,9802
412,9803
412,9804
412,9805
412,9806
412,9807
412,9808
412,9809
412,9810
412,9811
412,9812
412,9813
412,9814
412,9815
412,9816
412,9817
412,9818
412,9819
412,9820
412,9821
412,9822
412,9823
412,9824
412,9825
412,9826
412,9827
412,9828
412,9829
412,9830
412,9831
412,9832
412,9833
412,9834
412,9835
412,9836
412,9837
412,9838
412,9839
412,9840
412,9841
412,9842
412,9843
412,9844
412,9845
412,9846
412,9847
412,9848
412,9849
412,9850
412,9851
412,9852
412,9853
412,9854
412,9855
412,9856
412,9857
412,9858
412,9859
412,9860
412,9861
412,9862
412,9863
412,9864
412,9865
412,9866
412,9867
412,9868
412,9869
412,9870
412,9871
412,9872
412,9873
412,9874
412,9875
412,9876
412,9877
412,9878
412,9879
412,9880
412,9881
412,9882
412,9883
412,9884
412,9885
412,9886
412,9887
412,9888
412,9889
412,9890
412,9891
412,9892
412,9893
412,9894
412,9895
412,9896
412,9897
412,9898
412,9899
412,9901
412,9902
412,9904
412,9905
412,9907
412,9908
412,9909
412,9910
412,9911
412,9912
412,9915
412,9916
412,9917
412,9918
412,17604
412,17605
412,17606
412,17607
412,17608
412,17740
412,17740
412,17740
412,17740
412,17740
412,17756
412,17756
412,17756
412,17756
412,17756
412,17759
412,17759
412,17766
412,17766
412,17775
412,17775
412,17775
412,17787
412,17787
412,17787
412,17787
412,17799
412,17799
412,17799
412,17799
412,17799
412,17799
412,17799
412,17799
412,17799
412,17799
412,17799
412,17805
412,17805
412,17805
412,17805
412,17817
412,17817
412,17817
412,17817
412,17856
412,17856
412,17856
412,17856
412,17856
412,17856
412,17856
412,17856
412,17856
412,17856
412,17856
412,17856
412,17856
412,17856
412,17856
412,17856
412,17864
412,17864
412,17864
412,17864
412,17864
412,17864
412,17870
412,17870
412,17870
412,17870
412,17870
412,17872
412,17874
412,17882
412,17882
412,17882
412,17882
412,17882
412,17895
412,17895
412,17895
412,17895
412,17895
412,17895
412,17895
412,17930
412,17930
412,17930
412,17930
412,17930
412,17930
412,17930
412,17930
412,17930
412,17930
412,17930
412,17930
412,17930
412,17934
412,17934
412,17934
412,17934
412,17934
412,17934
412,17934
412,17934
412,17934
412,17934
412,17945
412,17945
412,17945
412,17945
412,17945
412,17945
412,17945
412,17945
412,17945
412,17945
412,17956
412,17956
412,17956
412,17956
412,17956
412,17956
412,17956
412,17956
412,17966
412,17966
412,17966
412,18023
412,20209
412,20211
412,20212
412,20213
412,20214
412,20215
412,20216
412,20217
412,20218
412,20219
412,20220
412,20221
412,20222
412,20222
412,20222
412,20225
412,20226
412,20227
412,20230
412,20231
412,20232
412,20233
412,20234
412,20235
412,20236
412,20237
412,20238
412,20239
412,20240
412,20241
412,20242
412,20243
412,20244
412,20245
412,20246
412,20247
412,20248
412,20249
412,20250
412,20251
412,20252
412,20253
412,20254
412,20256
412,20257
412,20258
412,20259
412,20260
412,20261
412,20261
412,20261
412,20261
412,20261
412,20265
412,20267
412,20268
412,22181
412,22551
412,28557
412,28737
412,31141
412,31142
412,31142
412,31142
412,31142
412,31143
412,31144
412,31145
412,31146
412,31146
412,31146
412,31146
412,31146
412,31148
412,31151
412,31153
412,31154
412,31154
412,31154
412,31154
412,31154
412,31155
412,31156
412,31156
412,31156
412,31156
412,31156
412,31157
412,31158
412,31159
412,31160
412,31161
412,31163
412,31165
412,31169
412,31169
412,31169
412,31169
412,31169
412,31175
412,31176
412,31176
412,31176
412,31176
412,31176
412,31176
412,31183
412,31184
412,31184
412,31184
412,31184
412,31184
412,31184
412,31184
412,31184
412,31184
412,31191
412,31198
412,31200
412,31201
412,31205
412,31206
412,31206
412,31206
412,31206
412,31206
412,31206
412,31206
412,31206
412,31206
412,31206
412,31206
412,31206
412,31206
412,31206
412,31206
412,31207
412,31210
412,31211
412,31211
412,31211
412,31211
412,31211
412,31211
412,31211
412,31211
412,31211
412,31214
412,31215
412,31215
412,31215
412,31215
412,31215
412,31215
412,31215
412,31215
412,31215
412,31219
412,31234
412,31235
412,31235
412,31235
412,31235
412,31236
412,31237
412,31238
412,31239
412,31241
412,31244
412,31244
412,31244
412,31250
412,31250
412,31252
412,31253
412,31253
412,31253
412,31253
412,31253
412,31253
412,31260
412,31261
412,31261
412,31261
412,31261
412,31261
412,31261
412,31261
412,31264
412,31265
412,31271
412,31272
412,31272
412,31272
412,31274
412,31278
412,31279
412,31279
412,31279
412,31279
412,31280
412,31281
412,31283
412,31286
412,31288
412,31289
412,31289
412,31289
412,31289
412,31289
412,31292
412,31293
412,31297
412,31298
412,31298
412,31298
412,31298
412,31298
412,31298
412,31298
412,31298
412,31298
412,31298
412,31306
412,31307
412,31315
412,31316
412,31336
412,31337
412,31338
412,31339
412,31340
412,31341
412,31342
